{
    "landing_project": "ap-edhlnd-prd-01-58b1",
    "staging_project": "ap-edhsta-prd-01-2936",
    "processing_project": "ap-dcledh-prd-992a",
    "curation_project": "ap-edhcon-prd-01-2cad",
    "composer_project": "ap-edhccp-prd-01-4748",
    "dataproc_project": "ap-dcledh-prd-01-992a",
    "dataflow_project": "ap-dcledh-prd-01-992a",
    "datacatalog_project": "ap-edhcdm-prd-01-b056",
    "mppd_dataset_id": "ap_edhcon_prd_01_bqd_euwe2_mppd_01",
    "acr_dataset_id": "ap_edhcon_prd_01_bqd_euwe2_acorn_01",
    "chq_dataset_id": "ap_edhcon_prd_01_bqd_euwe2_cbsstaging_01",
    "cbs_curated_staging_bucket": "ap-edhcon-prd-01-stb-euwe2-codenconfig-01",
    "cbs_curated_staging_bucket5": "ap-edhsta-prd-01-stb-euwe2-codenconfig-01",
    "uc_cbscurated_staging_bucket": "ap-edhcon-prd-01-stb-euwe2-uccbscurated-01",
    "dataproc_cluster_core_01": "ap-dcledh-prd-01-dcl-euwe2-core-01",
    "dataproc_cluster_core_02": "ap-dcledh-prd-01-dcl-euwe2-core-02",
    "dataproc_cluster_core_03": "ap-dcledh-prd-01-dcl-euwe2-core-03",
    "dataproc_cluster_core_04": "ap-dcledh-prd-01-dcl-euwe2-core-04",
    "dataproc_cluster_core_05": "ap-dcledh-prd-01-dcl-euwe2-core-05",
    "dataproc_cluster_core_06": "ap-dcledh-prd-01-dcl-euwe2-core-06",
    "dataproc_cluster_core_07": "ap-dcledh-prd-01-dcl-euwe2-core-07",
    "dataproc_cluster_core_08": "ap-dcledh-prd-01-dcl-euwe2-core-08",
    "dataproc_cluster_core_09": "ap-dcledh-prd-01-dcl-euwe2-core-09",
    "composer_environment": "ap-edhccp-prd-01-ccp-euwe2-ipam",
    "region": "europe-west2",
    "zone": "europe-west2-c",
    "deploy_env": "prd-01" ,
    "landing_bucket": "ap-edhlnd-prd-01-stb-euwe2-landing-01",
    "historic_landing_bucket": "ap-edhlnd-prd-01-stb-euwe2-historic-01",
    "config_staging_bucket": "ap-edhsta-prd-01-stb-euwe2-codenconfig-01",
    "cch_raw_bucket": "ap-edhsta-prd-01-stb-euwe2-cchraw-01",
    "ocis_raw_bucket": "ap-edhsta-prd-01-stb-euwe2-ocisraw-01",
    "cbs_raw_bucket": "ap-edhsta-prd-01-stb-euwe2-cbsraw-01",
    "curation_bucket":  "ap-edhcon-prd-01-stb-euwe2-curatedl1-01",
    "cbs_archive_bucket": "ap-edhsta-prd-01-stb-euwe2-cbsarchive-01",
    "cch_archive_bucket": "ap-edhsta-prd-01-stb-euwe2-ccharchive-01",
    "ocis_archive_bucket": "ap-edhsta-prd-01-stb-euwe2-ocisarchive-01",
    "tmsactivefeeds_raw_bucket": "ap-edhsta-prd-01-stb-euwe2-tmsactivefeedsraw-01",
    "tmsactivefeeds_staging_bucket": "ap-edhsta-prd-01-stb-euwe2-tmsactivefeedsstaging-01",
    "tmsactivefeeds_archive_bucket": "ap-edhsta-prd-01-stb-euwe2-tmsactivefeedsarchive-01",
    "cros_staging_bucket": "ap-edhsta-prd-01-stb-euwe2-crosstaging-01",
    "pms_raw_bucket": "ap-edhsta-prd-01-stb-euwe2-pmsraw-01",
    "pms_staging_bucket": "ap-edhsta-prd-01-stb-euwe2-pmsstaging-01",
    "pms_archive_bucket": "ap-edhsta-prd-01-stb-euwe2-pmsarchive-01",
    "mop_raw_bucket": "ap-edhsta-prd-01-stb-euwe2-mopraw-01",
    "mop_staging_bucket": "ap-edhsta-prd-01-stb-euwe2-mopstaging-01",
    "mop_archive_bucket": "ap-edhsta-prd-01-stb-euwe2-moparchive-01",
    "bad_file_bucket": "ap-edhsta-prd-01-stb-euwe2-badfile-01",
    "cch_staging_bucket": "ap-edhsta-prd-01-stb-euwe2-cchstaging-01",
    "ocis_staging_bucket": "ap-edhsta-prd-01-stb-euwe2-ocisstaging-01",
    "cbs_staging_bucket": "ap-edhsta-prd-01-stb-euwe2-cbsstaging-01",
    "intermediate_bucket": "ap-edhsta-prd-01-stb-euwe2-intermediate-01",
    "config_consumption_bucket": "ap-edhcon-prd-01-stb-euwe2-codenconfig-01",
    "customer_curation_bucket": "ap-edhcon-prd-01-stb-euwe2-customer-01",
    "product_curation_bucket": "ap-edhcon-prd-01-stb-euwe2-product-01",
    "mppd_consumption_bucket": "ap-edhcon-prd-01-stb-euwe2-ucmppd-01",
    "acorn_consumption_bucket": "ap-edhcon-prd-01-stb-euwe2-ucacorn-01",
    "passbook_config_bucket": "ap-edhcon-prd-01-stb-euwe2-ucpassbook-01",
    "outbound_bucket": "ap-edhcon-prd-01-stb-euwe2-outbound-01",
    "outbound_archive_bucket": "ap-edhcon-prd-01-stb-euwe2-outbndarcdwm-01",
    "cori_staging_bucket": "ap-edhsta-prd-01-stb-euwe2-coristaging-01",
    "fthoutbound_bucket": "ap-edhcon-prd-01-stb-euwe2-fthoutbound-01",
    "swws_consumptionBucket": "ap-edhcon-prd-01-stb-euwe2-ucswws-01",
    "ifx_config_bucket": "ap-edhcon-prd-01-stb-euwe2-ucifxstar-01",
    "skylark_consumption_bucket": "ap-edhcon-prd-01-stb-euwe2-ucskylark-01",
    "email_permission_consumption_bucket": "ap-edhcon-prd-01-stb-euwe2-ucemailpermissionshub-01",
    "email_permission_hub_env": "prd",
    "cc-cbs_raw_bucket": "ap-edhsta-prd-01-stb-euwe2-cccbsraw-01",
    "cc-cbs_staging_bucket": "ap-edhsta-prd-01-stb-euwe2-cccbsstaging-01",
    "cc-cbs_archive_bucket": "ap-edhsta-prd-01-stb-euwe2-cccbsarchive-01",
    "cc-cbs_archive2_bucket": "ap-edhsta-prd-01-stb-euwe2-cccbsarchivenoningested-01",
    "lndsr_raw_bucket": "ap-edhsta-prd-01-stb-euwe2-lndsrraw-01",
    "lndsr_staging_bucket": "ap-edhsta-prd-01-stb-euwe2-lndsrstaging-01",
    "lndsr_archive_bucket": "ap-edhsta-prd-01-stb-euwe2-lndsrarchive-01",
    "upd_raw_bucket": "ap-edhsta-prd-01-stb-euwe2-updraw-01",
    "upd_staging_bucket": "ap-edhsta-prd-01-stb-euwe2-updstaging-01",
    "upd_archive_bucket": "ap-edhsta-prd-01-stb-euwe2-updarchive-01",
    "aa_raw_bucket": "ap-edhsta-prd-01-stb-euwe2-aaraw-01",
    "aa_staging_bucket": "ap-edhsta-prd-01-stb-euwe2-aastaging-01",
    "aa_archive_bucket": "ap-edhsta-prd-01-stb-euwe2-aaarchive-01",
    "fresco_raw_bucket": "ap-edhsta-prd-01-stb-euwe2-frescoraw-01",
    "fresco_staging_bucket": "ap-edhsta-prd-01-stb-euwe2-frescostaging-01",
    "fresco_archive_bucket": "ap-edhsta-prd-01-stb-euwe2-frescoarchive-01",
    "common_system_balance_raw_bucket": "ap-edhsta-prd-01-stb-euwe2-csbdraw-01",
    "common_system_balance_staging_bucket": "ap-edhsta-prd-01-stb-euwe2-csbdstaging-01",
    "common_system_balance_archive_bucket": "ap-edhsta-prd-01-stb-euwe2-csbdarchive-01",
    "common_system_raw_bucket": "ap-edhsta-prd-01-stb-euwe2-csdraw-01",
    "common_system_staging_bucket": "ap-edhsta-prd-01-stb-euwe2-csdstaging-01",
    "common_system_archive_bucket": "ap-edhsta-prd-01-stb-euwe2-csdarchive-01",
    "common_system_posted_raw_bucket": "ap-edhsta-prd-01-stb-euwe2-cspdraw-01",
    "common_system_posted_staging_bucket": "ap-edhsta-prd-01-stb-euwe2-cspdstaging-01",
    "common_system_posted_archive_bucket": "ap-edhsta-prd-01-stb-euwe2-cspdarchive-01",
    "demica_raw_bucket": "ap-edhsta-prd-01-stb-euwe2-demicaraw-01",
    "demica_staging_bucket": "ap-edhsta-prd-01-stb-euwe2-demicastaging-01",
    "demica_archive_bucket": "ap-edhsta-prd-01-stb-euwe2-demicaarchive-01",
    "fxspot_archive_bucket": "ap-edhsta-prd-01-stb-euwe2-fxspotarchive-01",
    "fxspot_raw_bucket": "ap-edhsta-prd-01-stb-euwe2-fxspotraw-01",
    "fxspot_staging_bucket": "ap-edhsta-prd-01-stb-euwe2-fxspotstaging-01",
    "cap_staging_bucket": "ap-edhsta-prd-01-stb-euwe2-capstaging-01",
    "cap_raw_bucket": "ap-edhsta-prd-01-stb-euwe2-capraw-01",
    "cap_archive_bucket": "ap-edhsta-prd-01-stb-euwe2-caparchive-01",
    "icbs_mortgages_staging_bucket": "ap-edhsta-prd-01-stb-euwe2-icbsstaging-01",
    "cmpref_staging_bucket":"ap-edhsta-prd-01-stb-euwe2-cmprefstaging-01",
    "asm_raw_bucket": "ap-edhsta-prd-01-stb-euwe2-asmraw-01",
    "asm_staging_bucket":"ap-edhsta-prd-01-stb-euwe2-asmstaging-01",
    "asm_archive_bucket": "ap-edhsta-prd-01-stb-euwe2-asmarchive-01",
    "mt940_staging_bucket": "ap-edhsta-prd-01-stb-euwe2-mt940staging-01",
    "mt940_raw_bucket": "ap-edhsta-prd-01-stb-euwe2-mt940raw-01",
    "mt940_archive_bucket": "ap-edhsta-prd-01-stb-euwe2-mt940archive-01",
    "ifx_raw_bucket": "ap-edhsta-prd-01-stb-euwe2-ifxraw-01",
    "ifx_staging_bucket":"ap-edhsta-prd-01-stb-euwe2-ifxstaging-01",
    "ifx_archive_bucket": "ap-edhsta-prd-01-stb-euwe2-ifxarchive-01",
    "cardpac_raw_bucket": "ap-edhsta-prd-01-stb-euwe2-cardpacraw-01",
    "cardpac_staging_bucket": "ap-edhsta-prd-01-stb-euwe2-cardpacstaging-01",
    "cardpac_archive_bucket": "ap-edhsta-prd-01-stb-euwe2-cardpacarchive-01",
    "cbo_clientgemini_raw_bucket": "ap-edhsta-prd-01-stb-euwe2-cbogeminiraw-01",
    "cbo_clientgemini_staging_bucket": "ap-edhsta-prd-01-stb-euwe2-cbogeministaging-01",
    "cbo_clientgemini_archive_bucket": "ap-edhsta-prd-01-stb-euwe2-cbogeminiarchive-01",
    "covea_raw_bucket": "ap-edhsta-prd-01-stb-euwe2-covearaw-01",
    "covea_staging_bucket": "ap-edhsta-prd-01-stb-euwe2-coveastaging-01",
    "covea_archive_bucket": "ap-edhsta-prd-01-stb-euwe2-coveaarchive-01",
    "fnz_raw_bucket": "ap-edhsta-prd-01-stb-euwe2-fnzraw-01",
    "fnz_staging_bucket": "ap-edhsta-prd-01-stb-euwe2-fnzstaging-01",
    "fnz_archive_bucket": "ap-edhsta-prd-01-stb-euwe2-fnzarchive-01",
    "fcm_raw_bucket": "ap-edhsta-prd-01-stb-euwe2-fcmraw-01",
    "fcm_staging_bucket": "ap-edhsta-prd-01-stb-euwe2-fcmstaging-01",
    "fcm_archive_bucket": "ap-edhsta-prd-01-stb-euwe2-fcmarchive-01",
    "ob_raw_bucket": "ap-edhsta-prd-01-stb-euwe2-tprobraw-01",
    "ob_staging_bucket": "ap-edhsta-prd-01-stb-euwe2-tprobstaging-01",
    "ob_archive_bucket": "ap-edhsta-prd-01-stb-euwe2-tprobarchive-01",
    "hfs_raw_bucket": "ap-edhsta-prd-01-stb-euwe2-hfsraw-01",
    "hfs_staging_bucket": "ap-edhsta-prd-01-stb-euwe2-hfsstaging-01",
    "hfs_archive_bucket": "ap-edhsta-prd-01-stb-euwe2-hfsarchive-01",
    "odd_raw_bucket": "ap-edhsta-prd-01-stb-euwe2-oddraw-01",
    "odd_staging_bucket": "ap-edhsta-prd-01-stb-euwe2-oddstaging-01",
    "odd_archive_bucket": "ap-edhsta-prd-01-stb-euwe2-oddarchive-01",
    "tsm_raw_bucket": "ap-edhsta-prd-01-stb-euwe2-tsmraw-01",
    "tsm_staging_bucket": "ap-edhsta-prd-01-stb-euwe2-tsmstaging-01",
    "tsm_archive_bucket": "ap-edhsta-prd-01-stb-euwe2-tsmarchive-01",
    "huonneteeza_staging_bucket": "ap-edhsta-prd-01-stb-euwe2-huonneteezastaging-01",
    "huon_staging_bucket": "ap-edhsta-prd-01-stb-euwe2-huonstaging-01",
    "demica_raw_bucket": "ap-edhsta-prd-01-stb-euwe2-demicaraw-01",
    "demica_staging_bucket": "ap-edhsta-prd-01-stb-euwe2-demicastaging-01",
    "blri01_raw_bucket": "ap-edhsta-prd-01-stb-euwe2-blriraw-01",
    "blri01_staging_bucket": "ap-edhsta-prd-01-stb-euwe2-blristaging-01",
    "blri01_archive_bucket": "ap-edhsta-prd-01-stb-euwe2-blriarchive-01",
    "demica_archive_bucket": "ap-edhsta-prd-01-stb-euwe2-demicaarchive-01",
    "hetenderallianz_raw_bucket": "ap-edhsta-prd-01-stb-euwe2-hetenderallianzraw-01",
    "hetenderallianz_staging_bucket": "ap-edhsta-prd-01-stb-euwe2-hetenderallianzstaging-01",
    "hetenderallianz_archive_bucket": "ap-edhsta-prd-01-stb-euwe2-hetenderallianzarchive-01",
    "hastings_raw_bucket": "ap-edhsta-prd-01-stb-euwe2-hastingsraw-01",
    "hastings_staging_bucket": "ap-edhsta-prd-01-stb-euwe2-hastingsstaging-01",
    "hastings_archive_bucket": "ap-edhsta-prd-01-stb-euwe2-hastingsarchive-01",
    "amc_cms_raw_bucket": "ap-edhsta-prd-01-stb-euwe2-amc-cmsraw-01",
    "amc_cms_staging_bucket": "ap-edhsta-prd-01-stb-euwe2-amc-cmsstaging-01",
    "amc_cms_archive_bucket": "ap-edhsta-prd-01-stb-euwe2-amc-cmsarchive-01",
    "cbo_filter1_raw_bucket": "ap-edhsta-prd-01-stb-euwe2-cbofilter1raw-01",
    "cbo_filter1_staging_bucket": "ap-edhsta-prd-01-stb-euwe2-cbofilter1staging-01",
    "cbo_filter1_archive_bucket": "ap-edhsta-prd-01-stb-euwe2-cbofilter1archive-01",
    "wcbs_raw_bucket": "ap-edhsta-prd-01-stb-euwe2-wcbsraw-01",
    "wcbs_staging_bucket": "ap-edhsta-prd-01-stb-euwe2-wcbsstaging-01",
    "wcbs_archive_bucket": "ap-edhsta-prd-01-stb-euwe2-wcbsarchive-01",
    "cborobotics_raw_bucket": "ap-edhsta-prd-01-stb-euwe2-cboroboticsraw-01",
    "cborobotics_staging_bucket": "ap-edhsta-prd-01-stb-euwe2-cboroboticsstaging-01",
    "cborobotics_archive_bucket": "ap-edhsta-prd-01-stb-euwe2-cboroboticsarchive-01",
    "gefi01_raw_bucket":"ap-edhsta-prd-01-stb-euwe2-gefiraw-01",
    "gefi01_staging_bucket":"ap-edhsta-prd-01-stb-euwe2-gefistaging-01",
    "gefi01_archive_bucket":"ap-edhsta-prd-01-stb-euwe2-gefiarchive-01",
    "gefi02_raw_bucket":"ap-edhsta-prd-01-stb-euwe2-gefiraw-01",
    "gefi02_archive_bucket":"ap-edhsta-prd-01-stb-euwe2-gefiarchive-01",
    "gefi02_staging_bucket":"ap-edhsta-prd-01-stb-euwe2-gefistaging-02",
    "bancs_raw_bucket": "ap-edhsta-prd-01-stb-euwe2-bancsraw-01",
    "bancs_staging_bucket": "ap-edhsta-prd-01-stb-euwe2-bancsstaging-01",
    "bancs_archive_bucket": "ap-edhsta-prd-01-stb-euwe2-bancsarchive-01",
    "sapmortgage_raw_bucket": "ap-edhsta-prd-01-stb-euwe2-sapmortgagesraw-01",
    "sapmortgage_staging_bucket":"ap-edhsta-prd-01-stb-euwe2-sapmortgagesstaging-01",
    "sapmortgage_archive_bucket": "ap-edhsta-prd-01-stb-euwe2-sapmortgagesarchive-01",
    "cmp_payments_bucket": "ap-edhcon-prd-01-stb-euwe2-uccmppayment-01",
    "cmp_finance_bucket": "ap-edhcon-prd-01-stb-euwe2-uccmpfinance-01",
    "aah_raw_bucket": "ap-edhsta-prd-01-stb-euwe2-aahraw-01",
    "aah_staging_bucket": "ap-edhsta-prd-01-stb-euwe2-aahstaging-01",
    "aah_archive_bucket": "ap-edhsta-prd-01-stb-euwe2-aaharchive-01",
    "oracledrm_raw_bucket": "ap-edhsta-prd-01-stb-euwe2-oracledrmraw-01",
    "oracledrm_staging_bucket": "ap-edhsta-prd-01-stb-euwe2-oracledrmstaging-01",
    "oracledrm_archive_bucket": "ap-edhsta-prd-01-stb-euwe2-oracledrmarchive-01",
    "erdm_raw_bucket": "ap-edhsta-prd-01-stb-euwe2-erdmsraw-01",
    "erdm_staging_bucket": "ap-edhsta-prd-01-stb-euwe2-erdmsstaging-01",
    "erdm_archive_bucket": "ap-edhsta-prd-01-stb-euwe2-erdmsarchive-01",
    "pegaftdm_raw_bucket": "ap-edhsta-prd-01-stb-euwe2-pegaftdmraw-01",
    "pegaftdm_staging_bucket": "ap-edhsta-prd-01-stb-euwe2-pegaftdmstaging-01",
    "pegaftdm_archive_bucket": "ap-edhsta-prd-01-stb-euwe2-pegaftdmarchive-01",
    "pegafsu_raw_bucket": "ap-edhsta-prd-01-stb-euwe2-pegafsuraw-01",
    "pegafsu_staging_bucket": "ap-edhsta-prd-01-stb-euwe2-pegafsustaging-01",
    "pegafsu_archive_bucket": "ap-edhsta-prd-01-stb-euwe2-pegafsuarchive-01",
    "cm_raw_bucket": "ap-edhsta-prd-01-stb-euwe2-cmraw-01",
    "cm_staging_bucket": "ap-edhsta-prd-01-stb-euwe2-cmstaging-01",
    "cm_archive_bucket": "ap-edhsta-prd-01-stb-euwe2-cmarchive-01",
    "saga_raw_bucket": "ap-edhsta-prd-01-stb-euwe2-sagaraw-01",
    "saga_staging_bucket": "ap-edhsta-prd-01-stb-euwe2-sagastaging-01",
    "saga_archive_bucket": "ap-edhsta-prd-01-stb-euwe2-sagaarchive-01",
    "ipp_raw_bucket": "ap-edhsta-prd-01-stb-euwe2-ippraw-01",
    "ipp_staging_bucket":"ap-edhsta-prd-01-stb-euwe2-ippstaging-01",
    "ipp_archive_bucket": "ap-edhsta-prd-01-stb-euwe2-ipparchive-01",
    "spa_raw_bucket": "ap-edhsta-prd-01-stb-euwe2-sparaw-01",
    "spa_staging_bucket": "ap-edhsta-prd-01-stb-euwe2-spastaging-01",
    "spa_archive_bucket": "ap-edhsta-prd-01-stb-euwe2-spaarchive-01",
    "clpdcda_raw_bucket": "ap-edhsta-prd-01-stb-euwe2-clpdcdaraw-01",
    "clpdcda_staging_bucket": "ap-edhsta-prd-01-stb-euwe2-clpdcdastaging-01",
    "clpdcda_archive_bucket": "ap-edhsta-prd-01-stb-euwe2-clpdcdaarchive-01",
    "base2_staging_bucket" : "ap-edhsta-prd-01-stb-euwe2-base2staging-01",
    "base2_raw_bucket": "ap-edhsta-prd-01-stb-euwe2-base2raw-01",
    "base2_archive_bucket": "ap-edhsta-prd-01-stb-euwe2-base2archive-01",
    "base2visa_staging_bucket": "ap-edhsta-prd-01-stb-euwe2-base2visastaging-01",
    "base2visa_raw_bucket": "ap-edhsta-prd-01-stb-euwe2-base2visaraw-01",
    "base2visa_archive_bucket": "ap-edhsta-prd-01-stb-euwe2-base2visaarchive-01",
    "base2tlmp_staging_bucket": "ap-edhsta-prd-01-stb-euwe2-base2tlmpstaging-01",
    "base2tlmp_raw_bucket": "ap-edhsta-prd-01-stb-euwe2-base2tlmpraw-01",
    "base2tlmp_archive_bucket": "ap-edhsta-prd-01-stb-euwe2-base2tlmparchive-01",
    "customer_wealth_staging_bucket": "ap-edhsta-prd-01-stb-euwe2-wlthstaging-01",
    "customer_wealth_raw_bucket": "ap-edhsta-prd-01-stb-euwe2-wlthraw-01",
    "customer_wealth_archive_bucket": "ap-edhsta-prd-01-stb-euwe2-wltharchive-01",
    "icc_raw_bucket": "ap-edhsta-prd-01-stb-euwe2-iccraw-01",
    "icc_staging_bucket": "ap-edhsta-prd-01-stb-euwe2-iccstaging-01",
    "icc_archive_bucket": "ap-edhsta-prd-01-stb-euwe2-iccarchive-01",
    "alfa_raw_bucket": "ap-edhsta-prd-01-stb-euwe2-alfaraw-01",
    "alfa_staging_bucket": "ap-edhsta-prd-01-stb-euwe2-alfastaging-01",
    "alfa_archive_bucket": "ap-edhsta-prd-01-stb-euwe2-alfaarchive-01",
    "rdwmosaic_raw_bucket": "ap-edhsta-prd-01-stb-euwe2-rdwmosaicraw-01",
    "rdwmosaic_staging_bucket": "ap-edhsta-prd-01-stb-euwe2-rdwmosaicstaging-01",
    "rdwmosaic_archive_bucket": "ap-edhsta-prd-01-stb-euwe2-rdwmosaicarchive-01",
    "fscs_swb_raw_bucket": "ap-edhsta-prd-01-stb-euwe2-fscsswcdrraw-01",
    "fscs_swb_staging_bucket": "ap-edhsta-prd-01-stb-euwe2-fscsswcdrstaging-01",
    "fscs_swb_archive_bucket": "ap-edhsta-prd-01-stb-euwe2-fscsswcdrarchive-01",
    "fscs_summit_raw_bucket": "ap-edhsta-prd-01-stb-euwe2-fscssummitraw-01",
    "fscs_summit_staging_bucket": "ap-edhsta-prd-01-stb-euwe2-fscssummitstaging-01",
    "fscs_summit_archive_bucket": "ap-edhsta-prd-01-stb-euwe2-fscssummitarchive-01",
    "gdwconsent_raw_bucket": "ap-edhsta-prd-01-stb-euwe2-gdwconsentraw-01",
    "gdwconsent_staging_bucket": "ap-edhsta-prd-01-stb-euwe2-gdwconsentstaging-01",
    "gdwconsent_archive_bucket": "ap-edhsta-prd-01-stb-euwe2-gdwconsentarchive-01",
    "icbs_raw_bucket": "ap-edhsta-prd-01-stb-euwe2-fscsicbsraw-01",
    "icbs_staging_bucket": "ap-edhsta-prd-01-stb-euwe2-fscsicbsstaging-01",
    "icbs_archive_bucket":"ap-edhsta-prd-01-stb-euwe2-fscsicbsarchive-01",
    "if_raw_bucket": "ap-edhsta-prd-01-stb-euwe2-fscsifraw-01",
    "if_staging_bucket": "ap-edhsta-prd-01-stb-euwe2-fscsifstaging-01",
    "if_archive_bucket": "ap-edhsta-prd-01-stb-euwe2-fscsifarchive-01",
    "spendingrewards_staging_bucket": "ap-edhsta-prd-01-stb-euwe2-spendingrewardsstaging-01",
    "spendingrewards_raw_bucket": "ap-edhsta-prd-01-stb-euwe2-spendingrewardsraw-01",
    "spendingrewards_archive_bucket": "ap-edhsta-prd-01-stb-euwe2-spendingrewardsarchive-01",
    "misysti_raw_bucket": "ap-edhsta-prd-01-stb-euwe2-tiplusraw-01",
    "misysti_staging_bucket": "ap-edhsta-prd-01-stb-euwe2-tiplusstaging-01",
    "misysti_archive_bucket": "ap-edhsta-prd-01-stb-euwe2-tiplusarchive-01",
    "cbsmrc_staging_bucket": "ap-edhsta-prd-01-stb-euwe2-cbsstaging-01",
    "cbsmrc_raw_bucket": "ap-edhsta-prd-01-stb-euwe2-cbsraw-01",
    "cbsmrc_archive_bucket": "ap-edhsta-prd-01-stb-euwe2-cbsarchive-01",
    "britishgas_raw_bucket": "ap-edhsta-prd-01-stb-euwe2-britishgasraw-01",
    "britishgas_archive_bucket": "ap-edhsta-prd-01-stb-euwe2-britishgasarchive-01",
    "britishgas_staging_bucket":"ap-edhsta-prd-01-stb-euwe2-britishgasstaging-01",
    "ibdb2_raw_bucket": "ap-edhsta-prd-01-stb-euwe2-ibdb2raw-01",
    "ibdb2_staging_bucket": "ap-edhsta-prd-01-stb-euwe2-ibdb2staging-01",
    "ibdb2_archive_bucket": "ap-edhsta-prd-01-stb-euwe2-ibdb2archive-01",
    "pengine_raw_bucket": "ap-edhsta-prd-01-stb-euwe2-gdwpengineraw-01",
    "pengine_staging_bucket": "ap-edhsta-prd-01-stb-euwe2-gdwpenginestaging-01",
    "pengine_archive_bucket": "ap-edhsta-prd-01-stb-euwe2-gdwpenginearchive-01",
    "amcmas_raw_bucket": "ap-edhsta-prd-01-stb-euwe2-amcmasraw-01",
    "amcmas_staging_bucket": "ap-edhsta-prd-01-stb-euwe2-amcmasstaging-01",
    "amcmas_archive_bucket": "ap-edhsta-prd-01-stb-euwe2-amcmasarchive-01",
    "acbs_raw_bucket": "ap-edhsta-prd-01-stb-euwe2-acbsraw-01",
    "acbs_staging_bucket": "ap-edhsta-prd-01-stb-euwe2-acbsstaging-01",
    "acbs_archive_bucket": "ap-edhsta-prd-01-stb-euwe2-acbsarchive-01",
    "sterling_ste_raw_bucket": "ap-edhsta-prd-01-stb-euwe2-sterling_steraw-01",
    "sterling_ste_staging_bucket": "ap-edhsta-prd-01-stb-euwe2-sterling_stestaging-01",
    "sterling_ste_archive_bucket": "ap-edhsta-prd-01-stb-euwe2-sterling_stearchive-01",
    "sterling_pii_staging_bucket": "ap-edhsta-prd-01-stb-euwe2-sterling_piistaging-01",
    "sterling_pii_raw_bucket": "ap-edhsta-prd-01-stb-euwe2-sterling_piiraw-01",
    "sterling_pii_archive_bucket": "ap-edhsta-prd-01-stb-euwe2-sterling_piiarchive-01",
    "comcmd_raw_bucket": "ap-edhsta-prd-01-stb-euwe2-comcmdraw-01",
    "comcmd_staging_bucket":"ap-edhsta-prd-01-stb-euwe2-comcmdstaging-01",
    "comcmd_archive_bucket": "ap-edhsta-prd-01-stb-euwe2-comcmdarchive-01",
    "uicm_raw_bucket": "ap-edhsta-prd-01-stb-euwe2-fscsuicmraw-01",
    "uicm_staging_bucket": "ap-edhsta-prd-01-stb-euwe2-fscsuicmstaging-01",
    "uicm_archive_bucket":"ap-edhsta-prd-01-stb-euwe2-fscsuicmarchive-01",
    "polisy_staging_bucket": "ap-edhsta-prd-01-stb-euwe2-polisystaging-01",
    "marketingemailservice_staging_bucket": "ap-edhsta-prd-01-stb-euwe2-marketingemailservicestaging-01",
    "marketingemailservice_raw_bucket": "ap-edhsta-prd-01-stb-euwe2-marketingemailserviceraw-01",
    "marketingemailservice_archive_bucket": "ap-edhsta-prd-01-stb-euwe2-marketingemailservicearchive-01",
    "bglprop02_raw_bucket": "ap-edhsta-prd-01-stb-euwe2-bglprop02raw-01",
    "bglprop02_staging_bucket": "ap-edhsta-prd-01-stb-euwe2-bglprop02staging-01",
    "bglprop02_archive_bucket": "ap-edhsta-prd-01-stb-euwe2-bglprop02archive-01",
    "rtim_raw_bucket": "ap-edhsta-prd-01-stb-euwe2-rtimraw-01",
    "rtim_staging_bucket":"ap-edhsta-prd-01-stb-euwe2-rtimstaging-01",
    "rtim_archive_bucket":"ap-edhsta-prd-01-stb-euwe2-rtimarchive-01",
    "fcm_raw_bucket": "ap-edhsta-prd-01-stb-euwe2-fcmraw-01",
    "fcm_staging_bucket": "ap-edhsta-prd-01-stb-euwe2-fcmstaging-01",
    "fcm_archive_bucket": "ap-edhsta-prd-01-stb-euwe2-fcmarchive-01",
    "rtim_consumption_bucket": "ap-edhcon-prd-01-stb-euwe2-rtim-01",
    "apbs_raw_bucket": "ap-edhsta-prd-01-stb-euwe2-apbsraw-01",
    "apbs_staging_bucket": "ap-edhsta-prd-01-stb-euwe2-apbsstaging-01",
    "apbs_archive_bucket": "ap-edhsta-prd-01-stb-euwe2-apbsarchive-01",
    "aahmortgage_raw_bucket": "ap-edhsta-prd-01-stb-euwe2-aahmortgageraw-01",
    "aahmortgage_staging_bucket": "ap-edhsta-prd-01-stb-euwe2-aahmortgagestaging-01",
    "aahmortgage_archive_bucket": "ap-edhsta-prd-01-stb-euwe2-aahmortgagearchive-01",
    "ema_raw_bucket": "ap-edhsta-prd-01-stb-euwe2-dcm3emailautomationraw-01",
    "ema_archive_bucket": "ap-edhsta-prd-01-stb-euwe2-dcm3emailautomationarchive-01",
    "ema_staging_bucket": "ap-edhsta-prd-01-stb-euwe2-dcm3emailautomationstaging-01",
    "dcm3_raw_bucket": "ap-edhsta-prd-01-stb-euwe2-dcm3raw-01",
    "dcm3_staging_bucket": "ap-edhsta-prd-01-stb-euwe2-dcm3staging-01",
    "dcm3_archive_bucket": "ap-edhsta-prd-01-stb-euwe2-dcm3archive-01",
    "pie_raw_bucket": "ap-edhsta-prd-01-stb-euwe2-dcm3paperfreeraw-01",
    "pie_archive_bucket": "ap-edhsta-prd-01-stb-euwe2-dcm3paperfreearchive-01",
    "pie_staging_bucket": "ap-edhsta-prd-01-stb-euwe2-dcm3paperfreestaging-01",
    "clasii_raw_bucket": "ap-edhsta-prd-01-stb-euwe2-clasiiraw-01",
    "clasii_staging_bucket": "ap-edhsta-prd-01-stb-euwe2-clasiistaging-01",
    "clasii_archive_bucket": "ap-edhsta-prd-01-stb-euwe2-clasiiarchive-01",
    "cmas_raw_bucket": "ap-edhsta-prd-01-stb-euwe2-cmasraw-01",
    "cmas_staging_bucket": "ap-edhsta-prd-01-stb-euwe2-cmasstaging-01",
    "cmas_archive_bucket": "ap-edhsta-prd-01-stb-euwe2-cmasarchive-01",
    "msp_raw_bucket": "ap-edhsta-prd-01-stb-euwe2-mspraw-01",
    "msp_staging_bucket": "ap-edhsta-prd-01-stb-euwe2-mspstaging-01",
    "msp_archive_bucket": "ap-edhsta-prd-01-stb-euwe2-msparchive-01",
    "fnzone_raw_bucket": "ap-edhsta-prd-01-stb-euwe2-fnzoneraw-01",
    "fnzone_staging_bucket": "ap-edhsta-prd-01-stb-euwe2-fnzonestaging-01",
    "fnzone_archive_bucket": "ap-edhsta-prd-01-stb-euwe2-fnzonearchive-01",
    "gdw_tcsreferancedata_raw_bucket": "ap-edhsta-prd-01-stb-euwe2-gdwtcsraw-01",
    "gdw_tcsreferancedata_staging_bucket": "ap-edhsta-prd-01-stb-euwe2-gdwtcsstaging-01",
    "gdw_tcsreferancedata_archive_bucket": "ap-edhsta-prd-01-stb-euwe2-gdwtcsarchive-01",
    "cbo_ted01_raw_bucket": "ap-edhsta-prd-01-stb-euwe2-cboted01raw-01",
    "cbo_ted01_staging_bucket": "ap-edhsta-prd-01-stb-euwe2-cboted01staging-01",
    "cbo_ted01_archive_bucket": "ap-edhsta-prd-01-stb-euwe2-cboted01archive-01",
    "bq_temporary_bucket": "ap-dcledh-prd-01-stb-euwe2-dcl-stg-tmp-01",
    "centralrecon_adhoc": {
        "args_env": "prd",
        "bucket":"ap-edhsta-prd-01-stb-euwe2-codenconfig-01",
        "args_pyspark_main_file_uri": "gs://{BUCKET}/CENTRAL_RECON/ad_hoc_scripts/python_code_big_query.py",
        "args_py_files_uri": ["gs://{BUCKET}/CENTRAL_RECON/ad_hoc_scripts/python_code_big_query.py"],
        "args_files_uri": ["gs://{BUCKET}/CENTRAL_RECON/ad_hoc_scripts/bq_queries.json"],
        "args_dataset_id" : "ap_edhins_prd_01_bqd_euwe2_recon_01",
        "args_project_id" : "ap-edhins-prd-01-bd78",
        "args_queries_file_name" : "bq_queries.json"
    },
    "bank_holidays": {"england": ["2022-08-29","2022-12-25","2022-12-26","2022-12-27","2023-01-01","2023-01-02","2023-04-07","2023-04-10","2023-05-01","2023-05-29","2023-08-28","2023-12-25","2023-12-26","2024-01-01","2024-03-29","2024-04-01","2024-05-06","2024-05-27","2024-08-26","2024-12-25","2024-12-26","2025-01-01","2025-04-18","2025-04-21","2025-05-05","2025-05-26","2025-08-25","2025-12-25","2025-12-26","2026-01-01","2026-04-03","2026-04-06","2026-05-04","2026-05-25","2026-08-31","2026-12-25","2026-12-26"]}

}
